{
  "financing": [
    "融资",
    "获投",
    "投资",
    "募资",
    "战略投资",
    "pre-a",
    "a轮",
    "b轮",
    "c轮",
    "d轮",
    "e轮",
    "天使轮",
    "种子轮",
    "并购",
    "funding",
    "financing",
    "raised",
    "raises",
    "secured",
    "investment",
    "series a",
    "series b",
    "series c"
  ],
  "rounds": [
    "pre-seed",
    "seed",
    "angel",
    "pre-a",
    "series a",
    "series b",
    "series c",
    "series d",
    "series e",
    "战略投资",
    "并购"
  ],
  "exclude": [
    "二级市场",
    "股票",
    "上市",
    "ipo",
    "财报",
    "股价",
    "债券"
  ],
  "domains": {
    "AI": ["ai", "人工智能", "大模型", "machine learning", "genai", "生成式", "算法"],
    "机器人": ["机器人", "robot", "robotics", "机器狗", "自动化"],
    "先进制造": ["先进制造", "工业", "制造", "产线", "工厂", "工业互联网"],
    "出海": ["出海", "海外", "跨境", "global", "international"],
    "智能硬件": ["智能硬件", "硬件", "wearable", "iot", "传感器", "智能终端"],
    "汽车": ["汽车", "自动驾驶", "车规", "新能源车", "电动车", "智能座舱"],
    "新能源": ["新能源", "储能", "光伏", "风电", "电池", "氢能"],
    "半导体": ["半导体", "芯片", "芯片设计", "晶圆", "wafer", "foundry", "fab"]
  },
  "domain_hotness": {
    "AI": 9,
    "机器人": 8,
    "先进制造": 7,
    "出海": 6,
    "智能硬件": 6,
    "汽车": 7,
    "新能源": 8,
    "半导体": 8
  }
}
